{"cameraMode":{"drawMode":0,"name":"Shaded","section":"Shading Mode"},"sceneLighting":true,"audioPlay":false,"sceneViewState":{"m_AlwaysRefresh":false,"showFog":true,"showSkybox":true,"showFlares":true,"showImageEffects":true,"showParticleSystems":true,"showVisualEffectGraphs":true,"m_FxEnabled":true},"in2DMode":false,"pivot":{"x":608.2081298828125,"y":-13.945289611816407,"z":292.44635009765627},"rotation":{"x":0.08942337334156037,"y":0.624352753162384,"z":-0.07239373028278351,"w":0.7727421522140503},"size":47.926509857177737,"orthographic":false}